SubscriptionName,SubscriptionGuid,Date,ResourceGuid,ServiceName,ServiceType,ServiceRegion,ServiceResource,Quantity,Cost
"Azure for Students","{8744A7C5-D753-47DD-A39F-64959D577DB3}","9/19/2020","{0B248445-AA24-4FE8-A794-A174929327BD}","Storage","Tiered Block Blob","US East","All Other Operations","0.0007","0.0000028"
"Azure for Students","{8744A7C5-D753-47DD-A39F-64959D577DB3}","9/19/2020","{0FC067A1-65D2-46DA-B24B-7A9CBE2C69BD}","Bandwidth","All","All","Data Transfer Out - Free","2E-06","0"
"Azure for Students","{8744A7C5-D753-47DD-A39F-64959D577DB3}","9/19/2020","{32C3EBEC-1646-49E3-8127-2CAFBD3A04D8}","Bandwidth","All","Zone 1","Data Transfer In","4E-06","0"
"Azure for Students","{8744A7C5-D753-47DD-A39F-64959D577DB3}","9/19/2020","{7B5C8556-24E2-42BC-8F46-DA45AC53AEE4}","Storage","Tiered Block Blob","US East","Hot GRS Write Operations","0.0005","0.00005"
"Azure for Students","{8744A7C5-D753-47DD-A39F-64959D577DB3}","9/19/2020","{A4D4F647-F54E-400B-A11A-DCF256AFA091}","Storage","Bandwidth","US East","Geo-Replication v2 Data transfer","1E-06","0.00000002"
"Azure for Students","{8744A7C5-D753-47DD-A39F-64959D577DB3}","9/20/2020","{0B248445-AA24-4FE8-A794-A174929327BD}","Storage","Tiered Block Blob","US East","All Other Operations","0.0058","0.0000232"
"Azure for Students","{8744A7C5-D753-47DD-A39F-64959D577DB3}","9/20/2020","{0FC067A1-65D2-46DA-B24B-7A9CBE2C69BD}","Bandwidth","All","All","Data Transfer Out - Free","0.000158","0"
"Azure for Students","{8744A7C5-D753-47DD-A39F-64959D577DB3}","9/20/2020","{12DA282F-7E96-49E2-983A-9A65DA2A4866}","Storage","Tables","All","Read Operations","0.0012","0.000000432"
"Azure for Students","{8744A7C5-D753-47DD-A39F-64959D577DB3}","9/20/2020","{32C3EBEC-1646-49E3-8127-2CAFBD3A04D8}","Bandwidth","All","All","Data Transfer In","0.000828","0"
"Azure for Students","{8744A7C5-D753-47DD-A39F-64959D577DB3}","9/20/2020","{4082FA20-19D0-4388-B91E-A8150BC6AD4D}","Storage","Bandwidth","US East","Geo-Replication Data transfer","0.001638","0"
"Azure for Students","{8744A7C5-D753-47DD-A39F-64959D577DB3}","9/20/2020","{6207404D-3389-4D20-9087-CC078DDC3FD9}","Storage","Files","All","Read Operations - Free","0.0002","0"
"Azure for Students","{8744A7C5-D753-47DD-A39F-64959D577DB3}","9/20/2020","{6357FB28-1FC6-4000-B185-83B0DFBE9045}","Azure App Service","Standard Plan - Linux","US South Central","S1","6.607208","0.52857664"
"Azure for Students","{8744A7C5-D753-47DD-A39F-64959D577DB3}","9/20/2020","{6C76DAF0-AEB1-4238-B8B4-18820C91EEEF}","Storage","Tables","All","RA-GRS Data Stored","1E-06","0.000000075"
"Azure for Students","{8744A7C5-D753-47DD-A39F-64959D577DB3}","9/20/2020","{7B5C8556-24E2-42BC-8F46-DA45AC53AEE4}","Storage","Tiered Block Blob","US East","Hot GRS Write Operations","0.0046","0.00046"
"Azure for Students","{8744A7C5-D753-47DD-A39F-64959D577DB3}","9/20/2020","{984C39D8-2499-4233-8A97-FB002A809F8F}","Container Registry","All","All","Standard Registry Unit","0.277444","0.1849441704"
"Azure for Students","{8744A7C5-D753-47DD-A39F-64959D577DB3}","9/20/2020","{A4D4F647-F54E-400B-A11A-DCF256AFA091}","Storage","Bandwidth","US East","Geo-Replication v2 Data transfer","1.4E-05","0.00000028"
"Azure for Students","{8744A7C5-D753-47DD-A39F-64959D577DB3}","9/20/2020","{A90AEC9F-EECB-42C7-8421-9B96716996DC}","Azure App Service","Free Plan - Linux","All","F1","0.008064","0"
"Azure for Students","{8744A7C5-D753-47DD-A39F-64959D577DB3}","9/20/2020","{AD22FAC8-9DA5-4577-8683-56AE94D39E42}","Storage","Tables","All","GRS Write Operations","0.001","0.00000036"
"Azure for Students","{8744A7C5-D753-47DD-A39F-64959D577DB3}","9/20/2020","{BB20DFDA-6D18-4BB1-B7FC-86A05D9CFB8D}","Storage","Tables","All","GRS Batch Write Operations","0.0278","0.000010008"
"Azure for Students","{8744A7C5-D753-47DD-A39F-64959D577DB3}","9/20/2020","{FBB69023-77E7-4A8D-B5B7-E83C0F881786}","Log Analytics","All","US South Central","Data Ingestion","0.000215","0.0005934"
"Azure for Students","{8744A7C5-D753-47DD-A39F-64959D577DB3}","9/20/2020","{FCF5A755-9FCE-4C78-8931-AF0FF4562395}","Storage","Queues v2","US East","Class 2 Operations","0.0002","0.0000008"
"Azure for Students","{8744A7C5-D753-47DD-A39F-64959D577DB3}","9/20/2020","{FD7CFA1E-026E-4BE1-871B-1C2386E8902E}","Storage","Tiered Block Blob","All","Hot Read Operations - Free","0.0002","0"
"Azure for Students","{8744A7C5-D753-47DD-A39F-64959D577DB3}","9/21/2020","{0B248445-AA24-4FE8-A794-A174929327BD}","Storage","Tiered Block Blob","US East","All Other Operations","0.0016","0.0000064"
"Azure for Students","{8744A7C5-D753-47DD-A39F-64959D577DB3}","9/21/2020","{0FC067A1-65D2-46DA-B24B-7A9CBE2C69BD}","Bandwidth","All","All","Data Transfer Out - Free","0.000138","0"
"Azure for Students","{8744A7C5-D753-47DD-A39F-64959D577DB3}","9/21/2020","{12DA282F-7E96-49E2-983A-9A65DA2A4866}","Storage","Tables","All","Read Operations","0.0002","0.000000072"
"Azure for Students","{8744A7C5-D753-47DD-A39F-64959D577DB3}","9/21/2020","{32C3EBEC-1646-49E3-8127-2CAFBD3A04D8}","Bandwidth","All","Zone 1","Data Transfer In","0.00082","0"
"Azure for Students","{8744A7C5-D753-47DD-A39F-64959D577DB3}","9/21/2020","{4082FA20-19D0-4388-B91E-A8150BC6AD4D}","Storage","Bandwidth","US East","Geo-Replication Data transfer","0.001653","0"
"Azure for Students","{8744A7C5-D753-47DD-A39F-64959D577DB3}","9/21/2020","{6357FB28-1FC6-4000-B185-83B0DFBE9045}","Azure App Service","Standard Plan - Linux","US South Central","S1","24","1.92"
"Azure for Students","{8744A7C5-D753-47DD-A39F-64959D577DB3}","9/21/2020","{6C76DAF0-AEB1-4238-B8B4-18820C91EEEF}","Storage","Tables","All","RA-GRS Data Stored","2.8E-05","0.0000021"
"Azure for Students","{8744A7C5-D753-47DD-A39F-64959D577DB3}","9/21/2020","{7B5C8556-24E2-42BC-8F46-DA45AC53AEE4}","Storage","Tiered Block Blob","US East","Hot GRS Write Operations","0.0027","0.00027"
"Azure for Students","{8744A7C5-D753-47DD-A39F-64959D577DB3}","9/21/2020","{984C39D8-2499-4233-8A97-FB002A809F8F}","Container Registry","All","All","Standard Registry Unit","1.000008","0.6666053328"
"Azure for Students","{8744A7C5-D753-47DD-A39F-64959D577DB3}","9/21/2020","{A4D4F647-F54E-400B-A11A-DCF256AFA091}","Storage","Bandwidth","US East","Geo-Replication v2 Data transfer","8E-06","0.00000016"
"Azure for Students","{8744A7C5-D753-47DD-A39F-64959D577DB3}","9/21/2020","{A90AEC9F-EECB-42C7-8421-9B96716996DC}","Azure App Service","Free Plan - Linux","All","F1","0.032256","0"
"Azure for Students","{8744A7C5-D753-47DD-A39F-64959D577DB3}","9/21/2020","{AD22FAC8-9DA5-4577-8683-56AE94D39E42}","Storage","Tables","All","GRS Write Operations","0.0002","0.000000072"
"Azure for Students","{8744A7C5-D753-47DD-A39F-64959D577DB3}","9/21/2020","{BB20DFDA-6D18-4BB1-B7FC-86A05D9CFB8D}","Storage","Tables","All","GRS Batch Write Operations","0.0288","0.000010368"
"Azure for Students","{8744A7C5-D753-47DD-A39F-64959D577DB3}","9/21/2020","{FD7CFA1E-026E-4BE1-871B-1C2386E8902E}","Storage","Tiered Block Blob","All","Hot Read Operations - Free","0.0001","0"
"Azure for Students","{8744A7C5-D753-47DD-A39F-64959D577DB3}","9/22/2020","{0FC067A1-65D2-46DA-B24B-7A9CBE2C69BD}","Bandwidth","All","All","Data Transfer Out - Free","0.00012","0"
"Azure for Students","{8744A7C5-D753-47DD-A39F-64959D577DB3}","9/22/2020","{32C3EBEC-1646-49E3-8127-2CAFBD3A04D8}","Bandwidth","All","Zone 1","Data Transfer In","0.000792","0"
"Azure for Students","{8744A7C5-D753-47DD-A39F-64959D577DB3}","9/22/2020","{4082FA20-19D0-4388-B91E-A8150BC6AD4D}","Storage","Bandwidth","US East","Geo-Replication Data transfer","0.001563","0"
"Azure for Students","{8744A7C5-D753-47DD-A39F-64959D577DB3}","9/22/2020","{6357FB28-1FC6-4000-B185-83B0DFBE9045}","Azure App Service","Standard Plan - Linux","US South Central","S1","24","1.92"
"Azure for Students","{8744A7C5-D753-47DD-A39F-64959D577DB3}","9/22/2020","{6C76DAF0-AEB1-4238-B8B4-18820C91EEEF}","Storage","Tables","All","RA-GRS Data Stored","5.6E-05","0.0000042"
"Azure for Students","{8744A7C5-D753-47DD-A39F-64959D577DB3}","9/22/2020","{984C39D8-2499-4233-8A97-FB002A809F8F}","Container Registry","All","All","Standard Registry Unit","1.000008","0.6666053328"
"Azure for Students","{8744A7C5-D753-47DD-A39F-64959D577DB3}","9/22/2020","{A90AEC9F-EECB-42C7-8421-9B96716996DC}","Azure App Service","Free Plan - Linux","All","F1","0.032256","0"
"Azure for Students","{8744A7C5-D753-47DD-A39F-64959D577DB3}","9/22/2020","{BB20DFDA-6D18-4BB1-B7FC-86A05D9CFB8D}","Storage","Tables","All","GRS Batch Write Operations","0.029","0.00001044"
"Azure for Students","{8744A7C5-D753-47DD-A39F-64959D577DB3}","9/23/2020","{0B248445-AA24-4FE8-A794-A174929327BD}","Storage","Tiered Block Blob","US East","All Other Operations","0.0001","0.0000004"
"Azure for Students","{8744A7C5-D753-47DD-A39F-64959D577DB3}","9/23/2020","{0FC067A1-65D2-46DA-B24B-7A9CBE2C69BD}","Bandwidth","All","All","Data Transfer Out - Free","0.000121","0"
"Azure for Students","{8744A7C5-D753-47DD-A39F-64959D577DB3}","9/23/2020","{32C3EBEC-1646-49E3-8127-2CAFBD3A04D8}","Bandwidth","All","All","Data Transfer In","0.000795","0"
"Azure for Students","{8744A7C5-D753-47DD-A39F-64959D577DB3}","9/23/2020","{4082FA20-19D0-4388-B91E-A8150BC6AD4D}","Storage","Bandwidth","US East","Geo-Replication Data transfer","0.00161","0"
"Azure for Students","{8744A7C5-D753-47DD-A39F-64959D577DB3}","9/23/2020","{6357FB28-1FC6-4000-B185-83B0DFBE9045}","Azure App Service","Standard Plan - Linux","US South Central","S1","24","1.92"
"Azure for Students","{8744A7C5-D753-47DD-A39F-64959D577DB3}","9/23/2020","{6C76DAF0-AEB1-4238-B8B4-18820C91EEEF}","Storage","Tables","All","RA-GRS Data Stored","0.000103","0.000007725"
"Azure for Students","{8744A7C5-D753-47DD-A39F-64959D577DB3}","9/23/2020","{7B5C8556-24E2-42BC-8F46-DA45AC53AEE4}","Storage","Tiered Block Blob","US East","Hot GRS Write Operations","0.0004","0.00004"
"Azure for Students","{8744A7C5-D753-47DD-A39F-64959D577DB3}","9/23/2020","{984C39D8-2499-4233-8A97-FB002A809F8F}","Container Registry","All","All","Standard Registry Unit","1.000008","0.6666053328"
"Azure for Students","{8744A7C5-D753-47DD-A39F-64959D577DB3}","9/23/2020","{A4D4F647-F54E-400B-A11A-DCF256AFA091}","Storage","Bandwidth","US East","Geo-Replication v2 Data transfer","3E-06","0.00000006"
"Azure for Students","{8744A7C5-D753-47DD-A39F-64959D577DB3}","9/23/2020","{A90AEC9F-EECB-42C7-8421-9B96716996DC}","Azure App Service","Free Plan - Linux","All","F1","0.032256","0"
"Azure for Students","{8744A7C5-D753-47DD-A39F-64959D577DB3}","9/23/2020","{BB20DFDA-6D18-4BB1-B7FC-86A05D9CFB8D}","Storage","Tables","All","GRS Batch Write Operations","0.0296","0.000010656"
"Azure for Students","{8744A7C5-D753-47DD-A39F-64959D577DB3}","9/24/2020","{0B248445-AA24-4FE8-A794-A174929327BD}","Storage","Tiered Block Blob","US East","All Other Operations","0.0001","0.0000004"
"Azure for Students","{8744A7C5-D753-47DD-A39F-64959D577DB3}","9/24/2020","{0F824807-2376-435C-95C9-F992B67A07B0}","Key Vault","All","All","Operations","0.0026","0.000078"
"Azure for Students","{8744A7C5-D753-47DD-A39F-64959D577DB3}","9/24/2020","{0FC067A1-65D2-46DA-B24B-7A9CBE2C69BD}","Bandwidth","All","All","Data Transfer Out - Free","0.000122","0"
"Azure for Students","{8744A7C5-D753-47DD-A39F-64959D577DB3}","9/24/2020","{32C3EBEC-1646-49E3-8127-2CAFBD3A04D8}","Bandwidth","All","Zone 1","Data Transfer In","0.000795","0"
"Azure for Students","{8744A7C5-D753-47DD-A39F-64959D577DB3}","9/24/2020","{4082FA20-19D0-4388-B91E-A8150BC6AD4D}","Storage","Bandwidth","US East","Geo-Replication Data transfer","0.001582","0"
"Azure for Students","{8744A7C5-D753-47DD-A39F-64959D577DB3}","9/24/2020","{6357FB28-1FC6-4000-B185-83B0DFBE9045}","Azure App Service","Standard Plan - Linux","US South Central","S1","24","1.92"
"Azure for Students","{8744A7C5-D753-47DD-A39F-64959D577DB3}","9/24/2020","{6C76DAF0-AEB1-4238-B8B4-18820C91EEEF}","Storage","Tables","All","RA-GRS Data Stored","0.000127","0.000009525"
"Azure for Students","{8744A7C5-D753-47DD-A39F-64959D577DB3}","9/24/2020","{7B5C8556-24E2-42BC-8F46-DA45AC53AEE4}","Storage","Tiered Block Blob","US East","Hot GRS Write Operations","0.0006","0.00006"
"Azure for Students","{8744A7C5-D753-47DD-A39F-64959D577DB3}","9/24/2020","{984C39D8-2499-4233-8A97-FB002A809F8F}","Container Registry","All","All","Standard Registry Unit","1.000008","0.6666053328"
"Azure for Students","{8744A7C5-D753-47DD-A39F-64959D577DB3}","9/24/2020","{A4D4F647-F54E-400B-A11A-DCF256AFA091}","Storage","Bandwidth","US East","Geo-Replication v2 Data transfer","3E-06","0.00000006"
"Azure for Students","{8744A7C5-D753-47DD-A39F-64959D577DB3}","9/24/2020","{A90AEC9F-EECB-42C7-8421-9B96716996DC}","Azure App Service","Free Plan - Linux","All","F1","0.032256","0"
"Azure for Students","{8744A7C5-D753-47DD-A39F-64959D577DB3}","9/24/2020","{BB20DFDA-6D18-4BB1-B7FC-86A05D9CFB8D}","Storage","Tables","All","GRS Batch Write Operations","0.029","0.00001044"
"Azure for Students","{8744A7C5-D753-47DD-A39F-64959D577DB3}","9/25/2020","{0F824807-2376-435C-95C9-F992B67A07B0}","Key Vault","All","All","Operations","0.0011","0.000033"
"Azure for Students","{8744A7C5-D753-47DD-A39F-64959D577DB3}","9/25/2020","{0FC067A1-65D2-46DA-B24B-7A9CBE2C69BD}","Bandwidth","All","All","Data Transfer Out - Free","0.00012","0"
"Azure for Students","{8744A7C5-D753-47DD-A39F-64959D577DB3}","9/25/2020","{32C3EBEC-1646-49E3-8127-2CAFBD3A04D8}","Bandwidth","All","All","Data Transfer In","0.000792","0"
"Azure for Students","{8744A7C5-D753-47DD-A39F-64959D577DB3}","9/25/2020","{4082FA20-19D0-4388-B91E-A8150BC6AD4D}","Storage","Bandwidth","US East","Geo-Replication Data transfer","0.001568","0"
"Azure for Students","{8744A7C5-D753-47DD-A39F-64959D577DB3}","9/25/2020","{6357FB28-1FC6-4000-B185-83B0DFBE9045}","Azure App Service","Standard Plan - Linux","US South Central","S1","24","1.92"
"Azure for Students","{8744A7C5-D753-47DD-A39F-64959D577DB3}","9/25/2020","{6C76DAF0-AEB1-4238-B8B4-18820C91EEEF}","Storage","Tables","All","RA-GRS Data Stored","0.000154","0.00001155"
"Azure for Students","{8744A7C5-D753-47DD-A39F-64959D577DB3}","9/25/2020","{7B5C8556-24E2-42BC-8F46-DA45AC53AEE4}","Storage","Tiered Block Blob","US East","Hot GRS Write Operations","0.0001","0.00001"
"Azure for Students","{8744A7C5-D753-47DD-A39F-64959D577DB3}","9/25/2020","{984C39D8-2499-4233-8A97-FB002A809F8F}","Container Registry","All","All","Standard Registry Unit","1.000008","0.6666053328"
"Azure for Students","{8744A7C5-D753-47DD-A39F-64959D577DB3}","9/25/2020","{A90AEC9F-EECB-42C7-8421-9B96716996DC}","Azure App Service","Free Plan - Linux","All","F1","0.032256","0"
"Azure for Students","{8744A7C5-D753-47DD-A39F-64959D577DB3}","9/25/2020","{BB20DFDA-6D18-4BB1-B7FC-86A05D9CFB8D}","Storage","Tables","All","GRS Batch Write Operations","0.029","0.00001044"
"Azure for Students","{8744A7C5-D753-47DD-A39F-64959D577DB3}","9/26/2020","{0FC067A1-65D2-46DA-B24B-7A9CBE2C69BD}","Bandwidth","All","All","Data Transfer Out - Free","0.00012","0"
"Azure for Students","{8744A7C5-D753-47DD-A39F-64959D577DB3}","9/26/2020","{32C3EBEC-1646-49E3-8127-2CAFBD3A04D8}","Bandwidth","All","Zone 1","Data Transfer In","0.000792","0"
"Azure for Students","{8744A7C5-D753-47DD-A39F-64959D577DB3}","9/26/2020","{4082FA20-19D0-4388-B91E-A8150BC6AD4D}","Storage","Bandwidth","US East","Geo-Replication Data transfer","0.001563","0"
"Azure for Students","{8744A7C5-D753-47DD-A39F-64959D577DB3}","9/26/2020","{6357FB28-1FC6-4000-B185-83B0DFBE9045}","Azure App Service","Standard Plan - Linux","US South Central","S1","24","1.92"
"Azure for Students","{8744A7C5-D753-47DD-A39F-64959D577DB3}","9/26/2020","{6C76DAF0-AEB1-4238-B8B4-18820C91EEEF}","Storage","Tables","All","RA-GRS Data Stored","0.000188","0.0000141"
"Azure for Students","{8744A7C5-D753-47DD-A39F-64959D577DB3}","9/26/2020","{984C39D8-2499-4233-8A97-FB002A809F8F}","Container Registry","All","All","Standard Registry Unit","1.000008","0.6666053328"
"Azure for Students","{8744A7C5-D753-47DD-A39F-64959D577DB3}","9/26/2020","{A90AEC9F-EECB-42C7-8421-9B96716996DC}","Azure App Service","Free Plan - Linux","All","F1","0.032256","0"
"Azure for Students","{8744A7C5-D753-47DD-A39F-64959D577DB3}","9/26/2020","{BB20DFDA-6D18-4BB1-B7FC-86A05D9CFB8D}","Storage","Tables","All","GRS Batch Write Operations","0.029","0.00001044"
"Azure for Students","{8744A7C5-D753-47DD-A39F-64959D577DB3}","9/27/2020","{0B248445-AA24-4FE8-A794-A174929327BD}","Storage","Tiered Block Blob","US East","All Other Operations","0.0003","0.0000012"
"Azure for Students","{8744A7C5-D753-47DD-A39F-64959D577DB3}","9/27/2020","{0F824807-2376-435C-95C9-F992B67A07B0}","Key Vault","All","All","Operations","0.002","0.00006"
"Azure for Students","{8744A7C5-D753-47DD-A39F-64959D577DB3}","9/27/2020","{0FC067A1-65D2-46DA-B24B-7A9CBE2C69BD}","Bandwidth","All","All","Data Transfer Out - Free","0.000135","0"
"Azure for Students","{8744A7C5-D753-47DD-A39F-64959D577DB3}","9/27/2020","{32C3EBEC-1646-49E3-8127-2CAFBD3A04D8}","Bandwidth","All","All","Data Transfer In","0.00081","0"
"Azure for Students","{8744A7C5-D753-47DD-A39F-64959D577DB3}","9/27/2020","{4082FA20-19D0-4388-B91E-A8150BC6AD4D}","Storage","Bandwidth","US East","Geo-Replication Data transfer","0.001606","0"
"Azure for Students","{8744A7C5-D753-47DD-A39F-64959D577DB3}","9/27/2020","{6357FB28-1FC6-4000-B185-83B0DFBE9045}","Azure App Service","Standard Plan - Linux","US South Central","S1","24","1.92"
"Azure for Students","{8744A7C5-D753-47DD-A39F-64959D577DB3}","9/27/2020","{6C76DAF0-AEB1-4238-B8B4-18820C91EEEF}","Storage","Tables","All","RA-GRS Data Stored","0.000216","0.0000162"
"Azure for Students","{8744A7C5-D753-47DD-A39F-64959D577DB3}","9/27/2020","{7B5C8556-24E2-42BC-8F46-DA45AC53AEE4}","Storage","Tiered Block Blob","US East","Hot GRS Write Operations","0.0025","0.00025"
"Azure for Students","{8744A7C5-D753-47DD-A39F-64959D577DB3}","9/27/2020","{984C39D8-2499-4233-8A97-FB002A809F8F}","Container Registry","All","All","Standard Registry Unit","1.000008","0.6666053328"
"Azure for Students","{8744A7C5-D753-47DD-A39F-64959D577DB3}","9/27/2020","{A4D4F647-F54E-400B-A11A-DCF256AFA091}","Storage","Bandwidth","US East","Geo-Replication v2 Data transfer","1.3E-05","0.00000026"
"Azure for Students","{8744A7C5-D753-47DD-A39F-64959D577DB3}","9/27/2020","{A90AEC9F-EECB-42C7-8421-9B96716996DC}","Azure App Service","Free Plan - Linux","All","F1","0.032256","0"
"Azure for Students","{8744A7C5-D753-47DD-A39F-64959D577DB3}","9/27/2020","{BB20DFDA-6D18-4BB1-B7FC-86A05D9CFB8D}","Storage","Tables","All","GRS Batch Write Operations","0.029","0.00001044"
"Azure for Students","{8744A7C5-D753-47DD-A39F-64959D577DB3}","9/27/2020","{FD7CFA1E-026E-4BE1-871B-1C2386E8902E}","Storage","Tiered Block Blob","All","Hot Read Operations - Free","0.0002","0"
"Azure for Students","{8744A7C5-D753-47DD-A39F-64959D577DB3}","9/28/2020","{0B248445-AA24-4FE8-A794-A174929327BD}","Storage","Tiered Block Blob","US East","All Other Operations","0.0001","0.0000004"
"Azure for Students","{8744A7C5-D753-47DD-A39F-64959D577DB3}","9/28/2020","{0FC067A1-65D2-46DA-B24B-7A9CBE2C69BD}","Bandwidth","All","All","Data Transfer Out - Free","0.000121","0"
"Azure for Students","{8744A7C5-D753-47DD-A39F-64959D577DB3}","9/28/2020","{32C3EBEC-1646-49E3-8127-2CAFBD3A04D8}","Bandwidth","All","All","Data Transfer In","0.000794","0"
"Azure for Students","{8744A7C5-D753-47DD-A39F-64959D577DB3}","9/28/2020","{4082FA20-19D0-4388-B91E-A8150BC6AD4D}","Storage","Bandwidth","US East","Geo-Replication Data transfer","0.001577","0"
"Azure for Students","{8744A7C5-D753-47DD-A39F-64959D577DB3}","9/28/2020","{6357FB28-1FC6-4000-B185-83B0DFBE9045}","Azure App Service","Standard Plan - Linux","US South Central","S1","24","1.92"
"Azure for Students","{8744A7C5-D753-47DD-A39F-64959D577DB3}","9/28/2020","{6C76DAF0-AEB1-4238-B8B4-18820C91EEEF}","Storage","Tables","All","RA-GRS Data Stored","0.000216","0.0000162"
"Azure for Students","{8744A7C5-D753-47DD-A39F-64959D577DB3}","9/28/2020","{7B5C8556-24E2-42BC-8F46-DA45AC53AEE4}","Storage","Tiered Block Blob","US East","Hot GRS Write Operations","0.0003","0.00003"
"Azure for Students","{8744A7C5-D753-47DD-A39F-64959D577DB3}","9/28/2020","{984C39D8-2499-4233-8A97-FB002A809F8F}","Container Registry","All","All","Standard Registry Unit","1.000008","0.6666053328"
"Azure for Students","{8744A7C5-D753-47DD-A39F-64959D577DB3}","9/28/2020","{A4D4F647-F54E-400B-A11A-DCF256AFA091}","Storage","Bandwidth","US East","Geo-Replication v2 Data transfer","2E-06","0.00000004"
"Azure for Students","{8744A7C5-D753-47DD-A39F-64959D577DB3}","9/28/2020","{A90AEC9F-EECB-42C7-8421-9B96716996DC}","Azure App Service","Free Plan - Linux","All","F1","0.032256","0"
"Azure for Students","{8744A7C5-D753-47DD-A39F-64959D577DB3}","9/28/2020","{BB20DFDA-6D18-4BB1-B7FC-86A05D9CFB8D}","Storage","Tables","All","GRS Batch Write Operations","0.029","0.00001044"
"Azure for Students","{8744A7C5-D753-47DD-A39F-64959D577DB3}","9/29/2020","{0FC067A1-65D2-46DA-B24B-7A9CBE2C69BD}","Bandwidth","All","All","Data Transfer Out - Free","0.00012","0"
"Azure for Students","{8744A7C5-D753-47DD-A39F-64959D577DB3}","9/29/2020","{32C3EBEC-1646-49E3-8127-2CAFBD3A04D8}","Bandwidth","All","Zone 1","Data Transfer In","0.000792","0"
"Azure for Students","{8744A7C5-D753-47DD-A39F-64959D577DB3}","9/29/2020","{4082FA20-19D0-4388-B91E-A8150BC6AD4D}","Storage","Bandwidth","US East","Geo-Replication Data transfer","0.001596","0"
"Azure for Students","{8744A7C5-D753-47DD-A39F-64959D577DB3}","9/29/2020","{6357FB28-1FC6-4000-B185-83B0DFBE9045}","Azure App Service","Standard Plan - Linux","US South Central","S1","24","1.92"
"Azure for Students","{8744A7C5-D753-47DD-A39F-64959D577DB3}","9/29/2020","{6C76DAF0-AEB1-4238-B8B4-18820C91EEEF}","Storage","Tables","All","RA-GRS Data Stored","0.000216","0.0000162"
"Azure for Students","{8744A7C5-D753-47DD-A39F-64959D577DB3}","9/29/2020","{984C39D8-2499-4233-8A97-FB002A809F8F}","Container Registry","All","All","Standard Registry Unit","1.000008","0.6666053328"
"Azure for Students","{8744A7C5-D753-47DD-A39F-64959D577DB3}","9/29/2020","{A90AEC9F-EECB-42C7-8421-9B96716996DC}","Azure App Service","Free Plan - Linux","All","F1","0.032256","0"
"Azure for Students","{8744A7C5-D753-47DD-A39F-64959D577DB3}","9/29/2020","{BB20DFDA-6D18-4BB1-B7FC-86A05D9CFB8D}","Storage","Tables","All","GRS Batch Write Operations","0.0296","0.000010656"
"Azure for Students","{8744A7C5-D753-47DD-A39F-64959D577DB3}","9/30/2020","{0B248445-AA24-4FE8-A794-A174929327BD}","Storage","Tiered Block Blob","US East","All Other Operations","0.0001","0.0000004"
"Azure for Students","{8744A7C5-D753-47DD-A39F-64959D577DB3}","9/30/2020","{0FC067A1-65D2-46DA-B24B-7A9CBE2C69BD}","Bandwidth","All","All","Data Transfer Out - Free","0.000131","0"
"Azure for Students","{8744A7C5-D753-47DD-A39F-64959D577DB3}","9/30/2020","{32C3EBEC-1646-49E3-8127-2CAFBD3A04D8}","Bandwidth","All","Zone 1","Data Transfer In","0.000815","0"
"Azure for Students","{8744A7C5-D753-47DD-A39F-64959D577DB3}","9/30/2020","{4082FA20-19D0-4388-B91E-A8150BC6AD4D}","Storage","Bandwidth","US East","Geo-Replication Data transfer","0.001587","0"
"Azure for Students","{8744A7C5-D753-47DD-A39F-64959D577DB3}","9/30/2020","{6357FB28-1FC6-4000-B185-83B0DFBE9045}","Azure App Service","Standard Plan - Linux","US South Central","S1","24","1.92"
"Azure for Students","{8744A7C5-D753-47DD-A39F-64959D577DB3}","9/30/2020","{6C76DAF0-AEB1-4238-B8B4-18820C91EEEF}","Storage","Tables","All","RA-GRS Data Stored","0.000216","0.0000162"
"Azure for Students","{8744A7C5-D753-47DD-A39F-64959D577DB3}","9/30/2020","{7B5C8556-24E2-42BC-8F46-DA45AC53AEE4}","Storage","Tiered Block Blob","US East","Hot GRS Write Operations","0.004","0.0004"
"Azure for Students","{8744A7C5-D753-47DD-A39F-64959D577DB3}","9/30/2020","{984C39D8-2499-4233-8A97-FB002A809F8F}","Container Registry","All","All","Standard Registry Unit","1.000008","0.6666053328"
"Azure for Students","{8744A7C5-D753-47DD-A39F-64959D577DB3}","9/30/2020","{A4D4F647-F54E-400B-A11A-DCF256AFA091}","Storage","Bandwidth","US East","Geo-Replication v2 Data transfer","2.3E-05","0.00000046"
"Azure for Students","{8744A7C5-D753-47DD-A39F-64959D577DB3}","9/30/2020","{A90AEC9F-EECB-42C7-8421-9B96716996DC}","Azure App Service","Free Plan - Linux","All","F1","0.032256","0"
"Azure for Students","{8744A7C5-D753-47DD-A39F-64959D577DB3}","9/30/2020","{BB20DFDA-6D18-4BB1-B7FC-86A05D9CFB8D}","Storage","Tables","All","GRS Batch Write Operations","0.029","0.00001044"
"Azure for Students","{8744A7C5-D753-47DD-A39F-64959D577DB3}","10/1/2020","{0B248445-AA24-4FE8-A794-A174929327BD}","Storage","Tiered Block Blob","US East","All Other Operations","0.0003","0.0000012"
"Azure for Students","{8744A7C5-D753-47DD-A39F-64959D577DB3}","10/1/2020","{0F824807-2376-435C-95C9-F992B67A07B0}","Key Vault","All","All","Operations","0.0001","0.000003"
"Azure for Students","{8744A7C5-D753-47DD-A39F-64959D577DB3}","10/1/2020","{0FC067A1-65D2-46DA-B24B-7A9CBE2C69BD}","Bandwidth","All","All","Data Transfer Out - Free","0.000152","0"
"Azure for Students","{8744A7C5-D753-47DD-A39F-64959D577DB3}","10/1/2020","{32C3EBEC-1646-49E3-8127-2CAFBD3A04D8}","Bandwidth","All","All","Data Transfer In","0.000841","0"
"Azure for Students","{8744A7C5-D753-47DD-A39F-64959D577DB3}","10/1/2020","{4082FA20-19D0-4388-B91E-A8150BC6AD4D}","Storage","Bandwidth","US East","Geo-Replication Data transfer","0.001606","0"
"Azure for Students","{8744A7C5-D753-47DD-A39F-64959D577DB3}","10/1/2020","{6357FB28-1FC6-4000-B185-83B0DFBE9045}","Azure App Service","Standard Plan - Linux","US South Central","S1","24","1.92"
"Azure for Students","{8744A7C5-D753-47DD-A39F-64959D577DB3}","10/1/2020","{6C76DAF0-AEB1-4238-B8B4-18820C91EEEF}","Storage","Tables","All","RA-GRS Data Stored","0.000192","0.0000144"
"Azure for Students","{8744A7C5-D753-47DD-A39F-64959D577DB3}","10/1/2020","{7B5C8556-24E2-42BC-8F46-DA45AC53AEE4}","Storage","Tiered Block Blob","US East","Hot GRS Write Operations","0.008","0.0008"
"Azure for Students","{8744A7C5-D753-47DD-A39F-64959D577DB3}","10/1/2020","{984C39D8-2499-4233-8A97-FB002A809F8F}","Container Registry","All","All","Standard Registry Unit","1.000008","0.6666053328"
"Azure for Students","{8744A7C5-D753-47DD-A39F-64959D577DB3}","10/1/2020","{A4D4F647-F54E-400B-A11A-DCF256AFA091}","Storage","Bandwidth","US East","Geo-Replication v2 Data transfer","4.4E-05","0.00000088"
"Azure for Students","{8744A7C5-D753-47DD-A39F-64959D577DB3}","10/1/2020","{A90AEC9F-EECB-42C7-8421-9B96716996DC}","Azure App Service","Free Plan - Linux","All","F1","0.032256","0"
"Azure for Students","{8744A7C5-D753-47DD-A39F-64959D577DB3}","10/1/2020","{BB20DFDA-6D18-4BB1-B7FC-86A05D9CFB8D}","Storage","Tables","All","GRS Batch Write Operations","0.029","0.00001044"
"Azure for Students","{8744A7C5-D753-47DD-A39F-64959D577DB3}","10/1/2020","{FD7CFA1E-026E-4BE1-871B-1C2386E8902E}","Storage","Tiered Block Blob","All","Hot Read Operations - Free","0.0001","0"
"Azure for Students","{8744A7C5-D753-47DD-A39F-64959D577DB3}","10/2/2020","{0B248445-AA24-4FE8-A794-A174929327BD}","Storage","Tiered Block Blob","US East","All Other Operations","0.0012","0.0000048"
"Azure for Students","{8744A7C5-D753-47DD-A39F-64959D577DB3}","10/2/2020","{0FC067A1-65D2-46DA-B24B-7A9CBE2C69BD}","Bandwidth","All","All","Data Transfer Out - Free","0.000309","0"
"Azure for Students","{8744A7C5-D753-47DD-A39F-64959D577DB3}","10/2/2020","{32C3EBEC-1646-49E3-8127-2CAFBD3A04D8}","Bandwidth","All","All","Data Transfer In","0.001029","0"
"Azure for Students","{8744A7C5-D753-47DD-A39F-64959D577DB3}","10/2/2020","{4082FA20-19D0-4388-B91E-A8150BC6AD4D}","Storage","Bandwidth","US East","Geo-Replication Data transfer","0.001675","0"
"Azure for Students","{8744A7C5-D753-47DD-A39F-64959D577DB3}","10/2/2020","{6357FB28-1FC6-4000-B185-83B0DFBE9045}","Azure App Service","Standard Plan - Linux","US South Central","S1","24","1.92"
"Azure for Students","{8744A7C5-D753-47DD-A39F-64959D577DB3}","10/2/2020","{6C76DAF0-AEB1-4238-B8B4-18820C91EEEF}","Storage","Tables","All","RA-GRS Data Stored","0.000192","0.0000144"
"Azure for Students","{8744A7C5-D753-47DD-A39F-64959D577DB3}","10/2/2020","{7B5C8556-24E2-42BC-8F46-DA45AC53AEE4}","Storage","Tiered Block Blob","US East","Hot GRS Write Operations","0.0384","0.00384"
"Azure for Students","{8744A7C5-D753-47DD-A39F-64959D577DB3}","10/2/2020","{984C39D8-2499-4233-8A97-FB002A809F8F}","Container Registry","All","All","Standard Registry Unit","1.000008","0.6666053328"
"Azure for Students","{8744A7C5-D753-47DD-A39F-64959D577DB3}","10/2/2020","{A4D4F647-F54E-400B-A11A-DCF256AFA091}","Storage","Bandwidth","US East","Geo-Replication v2 Data transfer","0.000208","0.00000416"
"Azure for Students","{8744A7C5-D753-47DD-A39F-64959D577DB3}","10/2/2020","{A90AEC9F-EECB-42C7-8421-9B96716996DC}","Azure App Service","Free Plan - Linux","All","F1","0.032256","0"
"Azure for Students","{8744A7C5-D753-47DD-A39F-64959D577DB3}","10/2/2020","{BB20DFDA-6D18-4BB1-B7FC-86A05D9CFB8D}","Storage","Tables","All","GRS Batch Write Operations","0.029","0.00001044"
"Azure for Students","{8744A7C5-D753-47DD-A39F-64959D577DB3}","10/2/2020","{FD7CFA1E-026E-4BE1-871B-1C2386E8902E}","Storage","Tiered Block Blob","All","Hot Read Operations - Free","0.0004","0"
"Azure for Students","{8744A7C5-D753-47DD-A39F-64959D577DB3}","10/3/2020","{0B248445-AA24-4FE8-A794-A174929327BD}","Storage","Tiered Block Blob","US East","All Other Operations","0.0009","0.0000036"
"Azure for Students","{8744A7C5-D753-47DD-A39F-64959D577DB3}","10/3/2020","{0F824807-2376-435C-95C9-F992B67A07B0}","Key Vault","All","All","Operations","0.0001","0.000003"
"Azure for Students","{8744A7C5-D753-47DD-A39F-64959D577DB3}","10/3/2020","{0FC067A1-65D2-46DA-B24B-7A9CBE2C69BD}","Bandwidth","All","All","Data Transfer Out - Free","0.00275","0"
"Azure for Students","{8744A7C5-D753-47DD-A39F-64959D577DB3}","10/3/2020","{32C3EBEC-1646-49E3-8127-2CAFBD3A04D8}","Bandwidth","All","Zone 1","Data Transfer In","0.0043","0"
"Azure for Students","{8744A7C5-D753-47DD-A39F-64959D577DB3}","10/3/2020","{4082FA20-19D0-4388-B91E-A8150BC6AD4D}","Storage","Bandwidth","US East","Geo-Replication Data transfer","0.00163","0"
"Azure for Students","{8744A7C5-D753-47DD-A39F-64959D577DB3}","10/3/2020","{6357FB28-1FC6-4000-B185-83B0DFBE9045}","Azure App Service","Standard Plan - Linux","US South Central","S1","24","1.92"
"Azure for Students","{8744A7C5-D753-47DD-A39F-64959D577DB3}","10/3/2020","{6C76DAF0-AEB1-4238-B8B4-18820C91EEEF}","Storage","Tables","All","RA-GRS Data Stored","0.000192","0.0000144"
"Azure for Students","{8744A7C5-D753-47DD-A39F-64959D577DB3}","10/3/2020","{7B5C8556-24E2-42BC-8F46-DA45AC53AEE4}","Storage","Tiered Block Blob","US East","Hot GRS Write Operations","0.6283","0.06283"
"Azure for Students","{8744A7C5-D753-47DD-A39F-64959D577DB3}","10/3/2020","{984C39D8-2499-4233-8A97-FB002A809F8F}","Container Registry","All","All","Standard Registry Unit","1.000008","0.6666053328"
"Azure for Students","{8744A7C5-D753-47DD-A39F-64959D577DB3}","10/3/2020","{A4D4F647-F54E-400B-A11A-DCF256AFA091}","Storage","Bandwidth","US East","Geo-Replication v2 Data transfer","0.003488","0.00006976"
"Azure for Students","{8744A7C5-D753-47DD-A39F-64959D577DB3}","10/3/2020","{A90AEC9F-EECB-42C7-8421-9B96716996DC}","Azure App Service","Free Plan - Linux","All","F1","0.032256","0"
"Azure for Students","{8744A7C5-D753-47DD-A39F-64959D577DB3}","10/3/2020","{BB20DFDA-6D18-4BB1-B7FC-86A05D9CFB8D}","Storage","Tables","All","GRS Batch Write Operations","0.029","0.00001044"
"Azure for Students","{8744A7C5-D753-47DD-A39F-64959D577DB3}","10/3/2020","{FD7CFA1E-026E-4BE1-871B-1C2386E8902E}","Storage","Tiered Block Blob","All","Hot Read Operations - Free","0.0002","0"
"Azure for Students","{8744A7C5-D753-47DD-A39F-64959D577DB3}","10/4/2020","{0B248445-AA24-4FE8-A794-A174929327BD}","Storage","Tiered Block Blob","US East","All Other Operations","0.0001","0.0000004"
"Azure for Students","{8744A7C5-D753-47DD-A39F-64959D577DB3}","10/4/2020","{0FC067A1-65D2-46DA-B24B-7A9CBE2C69BD}","Bandwidth","All","All","Data Transfer Out - Free","0.000329","0"
"Azure for Students","{8744A7C5-D753-47DD-A39F-64959D577DB3}","10/4/2020","{32C3EBEC-1646-49E3-8127-2CAFBD3A04D8}","Bandwidth","All","All","Data Transfer In","0.001192","0"
"Azure for Students","{8744A7C5-D753-47DD-A39F-64959D577DB3}","10/4/2020","{4082FA20-19D0-4388-B91E-A8150BC6AD4D}","Storage","Bandwidth","US East","Geo-Replication Data transfer","0.001602","0"
"Azure for Students","{8744A7C5-D753-47DD-A39F-64959D577DB3}","10/4/2020","{6357FB28-1FC6-4000-B185-83B0DFBE9045}","Azure App Service","Standard Plan - Linux","US South Central","S1","24","1.92"
"Azure for Students","{8744A7C5-D753-47DD-A39F-64959D577DB3}","10/4/2020","{6C76DAF0-AEB1-4238-B8B4-18820C91EEEF}","Storage","Tables","All","RA-GRS Data Stored","0.000215","0.000016125"
"Azure for Students","{8744A7C5-D753-47DD-A39F-64959D577DB3}","10/4/2020","{7B5C8556-24E2-42BC-8F46-DA45AC53AEE4}","Storage","Tiered Block Blob","US East","Hot GRS Write Operations","0.0718","0.00718"
"Azure for Students","{8744A7C5-D753-47DD-A39F-64959D577DB3}","10/4/2020","{984C39D8-2499-4233-8A97-FB002A809F8F}","Container Registry","All","All","Standard Registry Unit","1.000008","0.6666053328"
"Azure for Students","{8744A7C5-D753-47DD-A39F-64959D577DB3}","10/4/2020","{A4D4F647-F54E-400B-A11A-DCF256AFA091}","Storage","Bandwidth","US East","Geo-Replication v2 Data transfer","0.0004","0.000008"
"Azure for Students","{8744A7C5-D753-47DD-A39F-64959D577DB3}","10/4/2020","{A90AEC9F-EECB-42C7-8421-9B96716996DC}","Azure App Service","Free Plan - Linux","All","F1","0.032256","0"
"Azure for Students","{8744A7C5-D753-47DD-A39F-64959D577DB3}","10/4/2020","{BB20DFDA-6D18-4BB1-B7FC-86A05D9CFB8D}","Storage","Tables","All","GRS Batch Write Operations","0.029","0.00001044"
"Azure for Students","{8744A7C5-D753-47DD-A39F-64959D577DB3}","10/5/2020","{0FC067A1-65D2-46DA-B24B-7A9CBE2C69BD}","Bandwidth","All","All","Data Transfer Out - Free","0.00012","0"
"Azure for Students","{8744A7C5-D753-47DD-A39F-64959D577DB3}","10/5/2020","{32C3EBEC-1646-49E3-8127-2CAFBD3A04D8}","Bandwidth","All","All","Data Transfer In","0.000792","0"
"Azure for Students","{8744A7C5-D753-47DD-A39F-64959D577DB3}","10/5/2020","{4082FA20-19D0-4388-B91E-A8150BC6AD4D}","Storage","Bandwidth","US East","Geo-Replication Data transfer","0.001563","0"
"Azure for Students","{8744A7C5-D753-47DD-A39F-64959D577DB3}","10/5/2020","{6357FB28-1FC6-4000-B185-83B0DFBE9045}","Azure App Service","Standard Plan - Linux","US South Central","S1","24","1.92"
"Azure for Students","{8744A7C5-D753-47DD-A39F-64959D577DB3}","10/5/2020","{6C76DAF0-AEB1-4238-B8B4-18820C91EEEF}","Storage","Tables","All","RA-GRS Data Stored","0.000216","0.0000162"
"Azure for Students","{8744A7C5-D753-47DD-A39F-64959D577DB3}","10/5/2020","{984C39D8-2499-4233-8A97-FB002A809F8F}","Container Registry","All","All","Standard Registry Unit","1.000008","0.6666053328"
"Azure for Students","{8744A7C5-D753-47DD-A39F-64959D577DB3}","10/5/2020","{A90AEC9F-EECB-42C7-8421-9B96716996DC}","Azure App Service","Free Plan - Linux","All","F1","0.032256","0"
"Azure for Students","{8744A7C5-D753-47DD-A39F-64959D577DB3}","10/5/2020","{BB20DFDA-6D18-4BB1-B7FC-86A05D9CFB8D}","Storage","Tables","All","GRS Batch Write Operations","0.029","0.00001044"
"Azure for Students","{8744A7C5-D753-47DD-A39F-64959D577DB3}","10/6/2020","{0B248445-AA24-4FE8-A794-A174929327BD}","Storage","Tiered Block Blob","US East","All Other Operations","0.0001","0.0000004"
"Azure for Students","{8744A7C5-D753-47DD-A39F-64959D577DB3}","10/6/2020","{0F824807-2376-435C-95C9-F992B67A07B0}","Key Vault","All","All","Operations","0.0001","0.000003"
"Azure for Students","{8744A7C5-D753-47DD-A39F-64959D577DB3}","10/6/2020","{0FC067A1-65D2-46DA-B24B-7A9CBE2C69BD}","Bandwidth","All","All","Data Transfer Out - Free","0.000251","0"
"Azure for Students","{8744A7C5-D753-47DD-A39F-64959D577DB3}","10/6/2020","{32C3EBEC-1646-49E3-8127-2CAFBD3A04D8}","Bandwidth","All","All","Data Transfer In","0.001043","0"
"Azure for Students","{8744A7C5-D753-47DD-A39F-64959D577DB3}","10/6/2020","{4082FA20-19D0-4388-B91E-A8150BC6AD4D}","Storage","Bandwidth","US East","Geo-Replication Data transfer","0.001582","0"
"Azure for Students","{8744A7C5-D753-47DD-A39F-64959D577DB3}","10/6/2020","{6357FB28-1FC6-4000-B185-83B0DFBE9045}","Azure App Service","Standard Plan - Linux","US South Central","S1","24","1.92"
"Azure for Students","{8744A7C5-D753-47DD-A39F-64959D577DB3}","10/6/2020","{6C76DAF0-AEB1-4238-B8B4-18820C91EEEF}","Storage","Tables","All","RA-GRS Data Stored","0.000216","0.0000162"
"Azure for Students","{8744A7C5-D753-47DD-A39F-64959D577DB3}","10/6/2020","{7B5C8556-24E2-42BC-8F46-DA45AC53AEE4}","Storage","Tiered Block Blob","US East","Hot GRS Write Operations","0.0451","0.00451"
"Azure for Students","{8744A7C5-D753-47DD-A39F-64959D577DB3}","10/6/2020","{984C39D8-2499-4233-8A97-FB002A809F8F}","Container Registry","All","All","Standard Registry Unit","1.000008","0.6666053328"
"Azure for Students","{8744A7C5-D753-47DD-A39F-64959D577DB3}","10/6/2020","{A4D4F647-F54E-400B-A11A-DCF256AFA091}","Storage","Bandwidth","US East","Geo-Replication v2 Data transfer","0.000251","0.00000502"
"Azure for Students","{8744A7C5-D753-47DD-A39F-64959D577DB3}","10/6/2020","{A90AEC9F-EECB-42C7-8421-9B96716996DC}","Azure App Service","Free Plan - Linux","All","F1","0.032256","0"
"Azure for Students","{8744A7C5-D753-47DD-A39F-64959D577DB3}","10/6/2020","{BB20DFDA-6D18-4BB1-B7FC-86A05D9CFB8D}","Storage","Tables","All","GRS Batch Write Operations","0.029","0.00001044"
"Azure for Students","{8744A7C5-D753-47DD-A39F-64959D577DB3}","10/7/2020","{0B248445-AA24-4FE8-A794-A174929327BD}","Storage","Tiered Block Blob","US East","All Other Operations","0.0005","0.000002"
"Azure for Students","{8744A7C5-D753-47DD-A39F-64959D577DB3}","10/7/2020","{0F824807-2376-435C-95C9-F992B67A07B0}","Key Vault","All","All","Operations","0.0001","0.000003"
"Azure for Students","{8744A7C5-D753-47DD-A39F-64959D577DB3}","10/7/2020","{0FC067A1-65D2-46DA-B24B-7A9CBE2C69BD}","Bandwidth","All","All","Data Transfer Out - Free","0.000315","0"
"Azure for Students","{8744A7C5-D753-47DD-A39F-64959D577DB3}","10/7/2020","{32C3EBEC-1646-49E3-8127-2CAFBD3A04D8}","Bandwidth","All","All","Data Transfer In","0.001063","0"
"Azure for Students","{8744A7C5-D753-47DD-A39F-64959D577DB3}","10/7/2020","{4082FA20-19D0-4388-B91E-A8150BC6AD4D}","Storage","Bandwidth","US East","Geo-Replication Data transfer","0.001622","0"
"Azure for Students","{8744A7C5-D753-47DD-A39F-64959D577DB3}","10/7/2020","{6357FB28-1FC6-4000-B185-83B0DFBE9045}","Azure App Service","Standard Plan - Linux","US South Central","S1","24","1.92"
"Azure for Students","{8744A7C5-D753-47DD-A39F-64959D577DB3}","10/7/2020","{6C76DAF0-AEB1-4238-B8B4-18820C91EEEF}","Storage","Tables","All","RA-GRS Data Stored","0.000216","0.0000162"
"Azure for Students","{8744A7C5-D753-47DD-A39F-64959D577DB3}","10/7/2020","{7B5C8556-24E2-42BC-8F46-DA45AC53AEE4}","Storage","Tiered Block Blob","US East","Hot GRS Write Operations","0.0473","0.00473"
"Azure for Students","{8744A7C5-D753-47DD-A39F-64959D577DB3}","10/7/2020","{984C39D8-2499-4233-8A97-FB002A809F8F}","Container Registry","All","All","Standard Registry Unit","1.000008","0.6666053328"
"Azure for Students","{8744A7C5-D753-47DD-A39F-64959D577DB3}","10/7/2020","{A4D4F647-F54E-400B-A11A-DCF256AFA091}","Storage","Bandwidth","US East","Geo-Replication v2 Data transfer","0.000261","0.00000522"
"Azure for Students","{8744A7C5-D753-47DD-A39F-64959D577DB3}","10/7/2020","{A90AEC9F-EECB-42C7-8421-9B96716996DC}","Azure App Service","Free Plan - Linux","All","F1","0.032256","0"
"Azure for Students","{8744A7C5-D753-47DD-A39F-64959D577DB3}","10/7/2020","{BB20DFDA-6D18-4BB1-B7FC-86A05D9CFB8D}","Storage","Tables","All","GRS Batch Write Operations","0.029","0.00001044"
"Azure for Students","{8744A7C5-D753-47DD-A39F-64959D577DB3}","10/7/2020","{FD7CFA1E-026E-4BE1-871B-1C2386E8902E}","Storage","Tiered Block Blob","All","Hot Read Operations - Free","0.0002","0"
"Azure for Students","{8744A7C5-D753-47DD-A39F-64959D577DB3}","10/8/2020","{0FC067A1-65D2-46DA-B24B-7A9CBE2C69BD}","Bandwidth","All","All","Data Transfer Out - Free","0.00012","0"
"Azure for Students","{8744A7C5-D753-47DD-A39F-64959D577DB3}","10/8/2020","{32C3EBEC-1646-49E3-8127-2CAFBD3A04D8}","Bandwidth","All","All","Data Transfer In","0.000792","0"
"Azure for Students","{8744A7C5-D753-47DD-A39F-64959D577DB3}","10/8/2020","{4082FA20-19D0-4388-B91E-A8150BC6AD4D}","Storage","Bandwidth","US East","Geo-Replication Data transfer","0.001563","0"
"Azure for Students","{8744A7C5-D753-47DD-A39F-64959D577DB3}","10/8/2020","{6357FB28-1FC6-4000-B185-83B0DFBE9045}","Azure App Service","Standard Plan - Linux","US South Central","S1","24","1.92"
"Azure for Students","{8744A7C5-D753-47DD-A39F-64959D577DB3}","10/8/2020","{6C76DAF0-AEB1-4238-B8B4-18820C91EEEF}","Storage","Tables","All","RA-GRS Data Stored","0.000216","0.0000162"
"Azure for Students","{8744A7C5-D753-47DD-A39F-64959D577DB3}","10/8/2020","{984C39D8-2499-4233-8A97-FB002A809F8F}","Container Registry","All","All","Standard Registry Unit","1.000008","0.6666053328"
"Azure for Students","{8744A7C5-D753-47DD-A39F-64959D577DB3}","10/8/2020","{A90AEC9F-EECB-42C7-8421-9B96716996DC}","Azure App Service","Free Plan - Linux","All","F1","0.032256","0"
"Azure for Students","{8744A7C5-D753-47DD-A39F-64959D577DB3}","10/8/2020","{BB20DFDA-6D18-4BB1-B7FC-86A05D9CFB8D}","Storage","Tables","All","GRS Batch Write Operations","0.029","0.00001044"
"Azure for Students","{8744A7C5-D753-47DD-A39F-64959D577DB3}","10/9/2020","{0B248445-AA24-4FE8-A794-A174929327BD}","Storage","Tiered Block Blob","US East","All Other Operations","0.0003","0.0000012"
"Azure for Students","{8744A7C5-D753-47DD-A39F-64959D577DB3}","10/9/2020","{0F824807-2376-435C-95C9-F992B67A07B0}","Key Vault","All","All","Operations","0.0001","0.000003"
"Azure for Students","{8744A7C5-D753-47DD-A39F-64959D577DB3}","10/9/2020","{0FC067A1-65D2-46DA-B24B-7A9CBE2C69BD}","Bandwidth","All","All","Data Transfer Out - Free","0.000133","0"
"Azure for Students","{8744A7C5-D753-47DD-A39F-64959D577DB3}","10/9/2020","{32C3EBEC-1646-49E3-8127-2CAFBD3A04D8}","Bandwidth","All","All","Data Transfer In","0.000802","0"
"Azure for Students","{8744A7C5-D753-47DD-A39F-64959D577DB3}","10/9/2020","{4082FA20-19D0-4388-B91E-A8150BC6AD4D}","Storage","Bandwidth","US East","Geo-Replication Data transfer","0.001597","0"
"Azure for Students","{8744A7C5-D753-47DD-A39F-64959D577DB3}","10/9/2020","{6357FB28-1FC6-4000-B185-83B0DFBE9045}","Azure App Service","Standard Plan - Linux","US South Central","S1","24","1.92"
"Azure for Students","{8744A7C5-D753-47DD-A39F-64959D577DB3}","10/9/2020","{6C76DAF0-AEB1-4238-B8B4-18820C91EEEF}","Storage","Tables","All","RA-GRS Data Stored","0.000216","0.0000162"
"Azure for Students","{8744A7C5-D753-47DD-A39F-64959D577DB3}","10/9/2020","{7B5C8556-24E2-42BC-8F46-DA45AC53AEE4}","Storage","Tiered Block Blob","US East","Hot GRS Write Operations","0.0012","0.00012"
"Azure for Students","{8744A7C5-D753-47DD-A39F-64959D577DB3}","10/9/2020","{984C39D8-2499-4233-8A97-FB002A809F8F}","Container Registry","All","All","Standard Registry Unit","1.000008","0.6666053328"
"Azure for Students","{8744A7C5-D753-47DD-A39F-64959D577DB3}","10/9/2020","{A4D4F647-F54E-400B-A11A-DCF256AFA091}","Storage","Bandwidth","US East","Geo-Replication v2 Data transfer","5E-06","0.0000001"
"Azure for Students","{8744A7C5-D753-47DD-A39F-64959D577DB3}","10/9/2020","{A90AEC9F-EECB-42C7-8421-9B96716996DC}","Azure App Service","Free Plan - Linux","All","F1","0.032256","0"
"Azure for Students","{8744A7C5-D753-47DD-A39F-64959D577DB3}","10/9/2020","{BB20DFDA-6D18-4BB1-B7FC-86A05D9CFB8D}","Storage","Tables","All","GRS Batch Write Operations","0.029","0.00001044"
"Azure for Students","{8744A7C5-D753-47DD-A39F-64959D577DB3}","10/9/2020","{FD7CFA1E-026E-4BE1-871B-1C2386E8902E}","Storage","Tiered Block Blob","All","Hot Read Operations - Free","0.0001","0"
"Azure for Students","{8744A7C5-D753-47DD-A39F-64959D577DB3}","10/10/2020","{0FC067A1-65D2-46DA-B24B-7A9CBE2C69BD}","Bandwidth","All","All","Data Transfer Out - Free","0.00012","0"
"Azure for Students","{8744A7C5-D753-47DD-A39F-64959D577DB3}","10/10/2020","{32C3EBEC-1646-49E3-8127-2CAFBD3A04D8}","Bandwidth","All","All","Data Transfer In","0.000792","0"
"Azure for Students","{8744A7C5-D753-47DD-A39F-64959D577DB3}","10/10/2020","{4082FA20-19D0-4388-B91E-A8150BC6AD4D}","Storage","Bandwidth","US East","Geo-Replication Data transfer","0.001563","0"
"Azure for Students","{8744A7C5-D753-47DD-A39F-64959D577DB3}","10/10/2020","{6357FB28-1FC6-4000-B185-83B0DFBE9045}","Azure App Service","Standard Plan - Linux","US South Central","S1","24","1.92"
"Azure for Students","{8744A7C5-D753-47DD-A39F-64959D577DB3}","10/10/2020","{6C76DAF0-AEB1-4238-B8B4-18820C91EEEF}","Storage","Tables","All","RA-GRS Data Stored","0.000216","0.0000162"
"Azure for Students","{8744A7C5-D753-47DD-A39F-64959D577DB3}","10/10/2020","{984C39D8-2499-4233-8A97-FB002A809F8F}","Container Registry","All","All","Standard Registry Unit","1.000008","0.6666053328"
"Azure for Students","{8744A7C5-D753-47DD-A39F-64959D577DB3}","10/10/2020","{A90AEC9F-EECB-42C7-8421-9B96716996DC}","Azure App Service","Free Plan - Linux","All","F1","0.032256","0"
"Azure for Students","{8744A7C5-D753-47DD-A39F-64959D577DB3}","10/10/2020","{BB20DFDA-6D18-4BB1-B7FC-86A05D9CFB8D}","Storage","Tables","All","GRS Batch Write Operations","0.029","0.00001044"
"Azure for Students","{8744A7C5-D753-47DD-A39F-64959D577DB3}","10/11/2020","{0F824807-2376-435C-95C9-F992B67A07B0}","Key Vault","All","All","Operations","0.0004","0.000012"
"Azure for Students","{8744A7C5-D753-47DD-A39F-64959D577DB3}","10/11/2020","{0FC067A1-65D2-46DA-B24B-7A9CBE2C69BD}","Bandwidth","All","All","Data Transfer Out - Free","0.00012","0"
"Azure for Students","{8744A7C5-D753-47DD-A39F-64959D577DB3}","10/11/2020","{32C3EBEC-1646-49E3-8127-2CAFBD3A04D8}","Bandwidth","All","All","Data Transfer In","0.000792","0"
"Azure for Students","{8744A7C5-D753-47DD-A39F-64959D577DB3}","10/11/2020","{4082FA20-19D0-4388-B91E-A8150BC6AD4D}","Storage","Bandwidth","US East","Geo-Replication Data transfer","0.001563","0"
"Azure for Students","{8744A7C5-D753-47DD-A39F-64959D577DB3}","10/11/2020","{6357FB28-1FC6-4000-B185-83B0DFBE9045}","Azure App Service","Standard Plan - Linux","US South Central","S1","24","1.92"
"Azure for Students","{8744A7C5-D753-47DD-A39F-64959D577DB3}","10/11/2020","{6C76DAF0-AEB1-4238-B8B4-18820C91EEEF}","Storage","Tables","All","RA-GRS Data Stored","0.000216","0.0000162"
"Azure for Students","{8744A7C5-D753-47DD-A39F-64959D577DB3}","10/11/2020","{984C39D8-2499-4233-8A97-FB002A809F8F}","Container Registry","All","All","Standard Registry Unit","1.000008","0.6666053328"
"Azure for Students","{8744A7C5-D753-47DD-A39F-64959D577DB3}","10/11/2020","{A90AEC9F-EECB-42C7-8421-9B96716996DC}","Azure App Service","Free Plan - Linux","All","F1","0.032256","0"
"Azure for Students","{8744A7C5-D753-47DD-A39F-64959D577DB3}","10/11/2020","{BB20DFDA-6D18-4BB1-B7FC-86A05D9CFB8D}","Storage","Tables","All","GRS Batch Write Operations","0.029","0.00001044"
"Azure for Students","{8744A7C5-D753-47DD-A39F-64959D577DB3}","10/12/2020","{0B248445-AA24-4FE8-A794-A174929327BD}","Storage","Tiered Block Blob","US East","All Other Operations","0.0009","0.0000036"
"Azure for Students","{8744A7C5-D753-47DD-A39F-64959D577DB3}","10/12/2020","{0FC067A1-65D2-46DA-B24B-7A9CBE2C69BD}","Bandwidth","All","All","Data Transfer Out - Free","0.000756","0"
"Azure for Students","{8744A7C5-D753-47DD-A39F-64959D577DB3}","10/12/2020","{32C3EBEC-1646-49E3-8127-2CAFBD3A04D8}","Bandwidth","All","Zone 1","Data Transfer In","0.001133","0"
"Azure for Students","{8744A7C5-D753-47DD-A39F-64959D577DB3}","10/12/2020","{4082FA20-19D0-4388-B91E-A8150BC6AD4D}","Storage","Bandwidth","US East","Geo-Replication Data transfer","0.001684","0"
"Azure for Students","{8744A7C5-D753-47DD-A39F-64959D577DB3}","10/12/2020","{6357FB28-1FC6-4000-B185-83B0DFBE9045}","Azure App Service","Standard Plan - Linux","US South Central","S1","24","1.92"
"Azure for Students","{8744A7C5-D753-47DD-A39F-64959D577DB3}","10/12/2020","{6C76DAF0-AEB1-4238-B8B4-18820C91EEEF}","Storage","Tables","All","RA-GRS Data Stored","0.000216","0.0000162"
"Azure for Students","{8744A7C5-D753-47DD-A39F-64959D577DB3}","10/12/2020","{7B5C8556-24E2-42BC-8F46-DA45AC53AEE4}","Storage","Tiered Block Blob","US East","Hot GRS Write Operations","0.0589","0.00589"
"Azure for Students","{8744A7C5-D753-47DD-A39F-64959D577DB3}","10/12/2020","{984C39D8-2499-4233-8A97-FB002A809F8F}","Container Registry","All","All","Standard Registry Unit","1.000008","0.6666053328"
"Azure for Students","{8744A7C5-D753-47DD-A39F-64959D577DB3}","10/12/2020","{A4D4F647-F54E-400B-A11A-DCF256AFA091}","Storage","Bandwidth","US East","Geo-Replication v2 Data transfer","0.000324","0.00000648"
"Azure for Students","{8744A7C5-D753-47DD-A39F-64959D577DB3}","10/12/2020","{A90AEC9F-EECB-42C7-8421-9B96716996DC}","Azure App Service","Free Plan - Linux","All","F1","0.032256","0"
"Azure for Students","{8744A7C5-D753-47DD-A39F-64959D577DB3}","10/12/2020","{BB20DFDA-6D18-4BB1-B7FC-86A05D9CFB8D}","Storage","Tables","All","GRS Batch Write Operations","0.029","0.00001044"
"Azure for Students","{8744A7C5-D753-47DD-A39F-64959D577DB3}","10/12/2020","{FD7CFA1E-026E-4BE1-871B-1C2386E8902E}","Storage","Tiered Block Blob","All","Hot Read Operations - Free","0.0003","0"
"Azure for Students","{8744A7C5-D753-47DD-A39F-64959D577DB3}","10/13/2020","{0B248445-AA24-4FE8-A794-A174929327BD}","Storage","Tiered Block Blob","US East","All Other Operations","0.0001","0.0000004"
"Azure for Students","{8744A7C5-D753-47DD-A39F-64959D577DB3}","10/13/2020","{0FC067A1-65D2-46DA-B24B-7A9CBE2C69BD}","Bandwidth","All","All","Data Transfer Out - Free","0.000201","0"
"Azure for Students","{8744A7C5-D753-47DD-A39F-64959D577DB3}","10/13/2020","{32C3EBEC-1646-49E3-8127-2CAFBD3A04D8}","Bandwidth","All","All","Data Transfer In","0.000949","0"
"Azure for Students","{8744A7C5-D753-47DD-A39F-64959D577DB3}","10/13/2020","{4082FA20-19D0-4388-B91E-A8150BC6AD4D}","Storage","Bandwidth","US East","Geo-Replication Data transfer","0.001602","0"
"Azure for Students","{8744A7C5-D753-47DD-A39F-64959D577DB3}","10/13/2020","{6357FB28-1FC6-4000-B185-83B0DFBE9045}","Azure App Service","Standard Plan - Linux","US South Central","S1","24","1.92"
"Azure for Students","{8744A7C5-D753-47DD-A39F-64959D577DB3}","10/13/2020","{6C76DAF0-AEB1-4238-B8B4-18820C91EEEF}","Storage","Tables","All","RA-GRS Data Stored","0.000216","0.0000162"
"Azure for Students","{8744A7C5-D753-47DD-A39F-64959D577DB3}","10/13/2020","{7B5C8556-24E2-42BC-8F46-DA45AC53AEE4}","Storage","Tiered Block Blob","US East","Hot GRS Write Operations","0.0282","0.00282"
"Azure for Students","{8744A7C5-D753-47DD-A39F-64959D577DB3}","10/13/2020","{984C39D8-2499-4233-8A97-FB002A809F8F}","Container Registry","All","All","Standard Registry Unit","1.000008","0.6666053328"
"Azure for Students","{8744A7C5-D753-47DD-A39F-64959D577DB3}","10/13/2020","{A4D4F647-F54E-400B-A11A-DCF256AFA091}","Storage","Bandwidth","US East","Geo-Replication v2 Data transfer","0.000157","0.00000314"
"Azure for Students","{8744A7C5-D753-47DD-A39F-64959D577DB3}","10/13/2020","{A90AEC9F-EECB-42C7-8421-9B96716996DC}","Azure App Service","Free Plan - Linux","All","F1","0.032256","0"
"Azure for Students","{8744A7C5-D753-47DD-A39F-64959D577DB3}","10/13/2020","{BB20DFDA-6D18-4BB1-B7FC-86A05D9CFB8D}","Storage","Tables","All","GRS Batch Write Operations","0.029","0.00001044"
"Azure for Students","{8744A7C5-D753-47DD-A39F-64959D577DB3}","10/14/2020","{0FC067A1-65D2-46DA-B24B-7A9CBE2C69BD}","Bandwidth","All","All","Data Transfer Out - Free","0.00012","0"
"Azure for Students","{8744A7C5-D753-47DD-A39F-64959D577DB3}","10/14/2020","{32C3EBEC-1646-49E3-8127-2CAFBD3A04D8}","Bandwidth","All","All","Data Transfer In","0.000792","0"
"Azure for Students","{8744A7C5-D753-47DD-A39F-64959D577DB3}","10/14/2020","{4082FA20-19D0-4388-B91E-A8150BC6AD4D}","Storage","Bandwidth","US East","Geo-Replication Data transfer","0.001596","0"
"Azure for Students","{8744A7C5-D753-47DD-A39F-64959D577DB3}","10/14/2020","{6357FB28-1FC6-4000-B185-83B0DFBE9045}","Azure App Service","Standard Plan - Linux","US South Central","S1","24","1.92"
"Azure for Students","{8744A7C5-D753-47DD-A39F-64959D577DB3}","10/14/2020","{6C76DAF0-AEB1-4238-B8B4-18820C91EEEF}","Storage","Tables","All","RA-GRS Data Stored","0.000216","0.0000162"
"Azure for Students","{8744A7C5-D753-47DD-A39F-64959D577DB3}","10/14/2020","{984C39D8-2499-4233-8A97-FB002A809F8F}","Container Registry","All","All","Standard Registry Unit","1.000008","0.6666053328"
"Azure for Students","{8744A7C5-D753-47DD-A39F-64959D577DB3}","10/14/2020","{A90AEC9F-EECB-42C7-8421-9B96716996DC}","Azure App Service","Free Plan - Linux","All","F1","0.032256","0"
"Azure for Students","{8744A7C5-D753-47DD-A39F-64959D577DB3}","10/14/2020","{BB20DFDA-6D18-4BB1-B7FC-86A05D9CFB8D}","Storage","Tables","All","GRS Batch Write Operations","0.0296","0.000010656"
"Azure for Students","{8744A7C5-D753-47DD-A39F-64959D577DB3}","10/15/2020","{0FC067A1-65D2-46DA-B24B-7A9CBE2C69BD}","Bandwidth","All","All","Data Transfer Out - Free","0.00012","0"
"Azure for Students","{8744A7C5-D753-47DD-A39F-64959D577DB3}","10/15/2020","{32C3EBEC-1646-49E3-8127-2CAFBD3A04D8}","Bandwidth","All","Zone 1","Data Transfer In","0.000792","0"
"Azure for Students","{8744A7C5-D753-47DD-A39F-64959D577DB3}","10/15/2020","{4082FA20-19D0-4388-B91E-A8150BC6AD4D}","Storage","Bandwidth","US East","Geo-Replication Data transfer","0.001563","0"
"Azure for Students","{8744A7C5-D753-47DD-A39F-64959D577DB3}","10/15/2020","{6357FB28-1FC6-4000-B185-83B0DFBE9045}","Azure App Service","Standard Plan - Linux","US South Central","S1","24","1.92"
"Azure for Students","{8744A7C5-D753-47DD-A39F-64959D577DB3}","10/15/2020","{6C76DAF0-AEB1-4238-B8B4-18820C91EEEF}","Storage","Tables","All","RA-GRS Data Stored","0.000199","0.000014925"
"Azure for Students","{8744A7C5-D753-47DD-A39F-64959D577DB3}","10/15/2020","{984C39D8-2499-4233-8A97-FB002A809F8F}","Container Registry","All","All","Standard Registry Unit","1.000008","0.6666053328"
"Azure for Students","{8744A7C5-D753-47DD-A39F-64959D577DB3}","10/15/2020","{A90AEC9F-EECB-42C7-8421-9B96716996DC}","Azure App Service","Free Plan - Linux","All","F1","0.032256","0"
"Azure for Students","{8744A7C5-D753-47DD-A39F-64959D577DB3}","10/15/2020","{BB20DFDA-6D18-4BB1-B7FC-86A05D9CFB8D}","Storage","Tables","All","GRS Batch Write Operations","0.029","0.00001044"
"Azure for Students","{8744A7C5-D753-47DD-A39F-64959D577DB3}","10/16/2020","{0B248445-AA24-4FE8-A794-A174929327BD}","Storage","Tiered Block Blob","US East","All Other Operations","0.0003","0.0000012"
"Azure for Students","{8744A7C5-D753-47DD-A39F-64959D577DB3}","10/16/2020","{0FC067A1-65D2-46DA-B24B-7A9CBE2C69BD}","Bandwidth","All","All","Data Transfer Out - Free","0.00025","0"
"Azure for Students","{8744A7C5-D753-47DD-A39F-64959D577DB3}","10/16/2020","{32C3EBEC-1646-49E3-8127-2CAFBD3A04D8}","Bandwidth","All","All","Data Transfer In","0.001005","0"
"Azure for Students","{8744A7C5-D753-47DD-A39F-64959D577DB3}","10/16/2020","{4082FA20-19D0-4388-B91E-A8150BC6AD4D}","Storage","Bandwidth","US East","Geo-Replication Data transfer","0.001621","0"
"Azure for Students","{8744A7C5-D753-47DD-A39F-64959D577DB3}","10/16/2020","{6357FB28-1FC6-4000-B185-83B0DFBE9045}","Azure App Service","Standard Plan - Linux","US South Central","S1","24","1.92"
"Azure for Students","{8744A7C5-D753-47DD-A39F-64959D577DB3}","10/16/2020","{6C76DAF0-AEB1-4238-B8B4-18820C91EEEF}","Storage","Tables","All","RA-GRS Data Stored","0.000192","0.0000144"
"Azure for Students","{8744A7C5-D753-47DD-A39F-64959D577DB3}","10/16/2020","{7B5C8556-24E2-42BC-8F46-DA45AC53AEE4}","Storage","Tiered Block Blob","US East","Hot GRS Write Operations","0.0373","0.00373"
"Azure for Students","{8744A7C5-D753-47DD-A39F-64959D577DB3}","10/16/2020","{984C39D8-2499-4233-8A97-FB002A809F8F}","Container Registry","All","All","Standard Registry Unit","1.000008","0.6666053328"
"Azure for Students","{8744A7C5-D753-47DD-A39F-64959D577DB3}","10/16/2020","{A4D4F647-F54E-400B-A11A-DCF256AFA091}","Storage","Bandwidth","US East","Geo-Replication v2 Data transfer","0.000208","0.00000416"
"Azure for Students","{8744A7C5-D753-47DD-A39F-64959D577DB3}","10/16/2020","{A90AEC9F-EECB-42C7-8421-9B96716996DC}","Azure App Service","Free Plan - Linux","All","F1","0.032256","0"
"Azure for Students","{8744A7C5-D753-47DD-A39F-64959D577DB3}","10/16/2020","{BB20DFDA-6D18-4BB1-B7FC-86A05D9CFB8D}","Storage","Tables","All","GRS Batch Write Operations","0.029","0.00001044"
"Azure for Students","{8744A7C5-D753-47DD-A39F-64959D577DB3}","10/16/2020","{FD7CFA1E-026E-4BE1-871B-1C2386E8902E}","Storage","Tiered Block Blob","All","Hot Read Operations - Free","0.0001","0"
"Azure for Students","{8744A7C5-D753-47DD-A39F-64959D577DB3}","10/17/2020","{0B248445-AA24-4FE8-A794-A174929327BD}","Storage","Tiered Block Blob","US East","All Other Operations","0.0001","0.0000004"
"Azure for Students","{8744A7C5-D753-47DD-A39F-64959D577DB3}","10/17/2020","{0FC067A1-65D2-46DA-B24B-7A9CBE2C69BD}","Bandwidth","All","All","Data Transfer Out - Free","0.000171","0"
"Azure for Students","{8744A7C5-D753-47DD-A39F-64959D577DB3}","10/17/2020","{32C3EBEC-1646-49E3-8127-2CAFBD3A04D8}","Bandwidth","All","All","Data Transfer In","0.00089","0"
"Azure for Students","{8744A7C5-D753-47DD-A39F-64959D577DB3}","10/17/2020","{4082FA20-19D0-4388-B91E-A8150BC6AD4D}","Storage","Bandwidth","US East","Geo-Replication Data transfer","0.001592","0"
"Azure for Students","{8744A7C5-D753-47DD-A39F-64959D577DB3}","10/17/2020","{6357FB28-1FC6-4000-B185-83B0DFBE9045}","Azure App Service","Standard Plan - Linux","US South Central","S1","24","1.92"
"Azure for Students","{8744A7C5-D753-47DD-A39F-64959D577DB3}","10/17/2020","{6C76DAF0-AEB1-4238-B8B4-18820C91EEEF}","Storage","Tables","All","RA-GRS Data Stored","0.000192","0.0000144"
"Azure for Students","{8744A7C5-D753-47DD-A39F-64959D577DB3}","10/17/2020","{7B5C8556-24E2-42BC-8F46-DA45AC53AEE4}","Storage","Tiered Block Blob","US East","Hot GRS Write Operations","0.0174","0.00174"
"Azure for Students","{8744A7C5-D753-47DD-A39F-64959D577DB3}","10/17/2020","{984C39D8-2499-4233-8A97-FB002A809F8F}","Container Registry","All","All","Standard Registry Unit","1.000008","0.6666053328"
"Azure for Students","{8744A7C5-D753-47DD-A39F-64959D577DB3}","10/17/2020","{A4D4F647-F54E-400B-A11A-DCF256AFA091}","Storage","Bandwidth","US East","Geo-Replication v2 Data transfer","9.8E-05","0.00000196"
"Azure for Students","{8744A7C5-D753-47DD-A39F-64959D577DB3}","10/17/2020","{A90AEC9F-EECB-42C7-8421-9B96716996DC}","Azure App Service","Free Plan - Linux","All","F1","0.032256","0"
"Azure for Students","{8744A7C5-D753-47DD-A39F-64959D577DB3}","10/17/2020","{BB20DFDA-6D18-4BB1-B7FC-86A05D9CFB8D}","Storage","Tables","All","GRS Batch Write Operations","0.029","0.00001044"
"Azure for Students","{8744A7C5-D753-47DD-A39F-64959D577DB3}","10/18/2020","{0B248445-AA24-4FE8-A794-A174929327BD}","Storage","Tiered Block Blob","US East","All Other Operations","0.0001","0.0000004"
"Azure for Students","{8744A7C5-D753-47DD-A39F-64959D577DB3}","10/18/2020","{0FC067A1-65D2-46DA-B24B-7A9CBE2C69BD}","Bandwidth","All","All","Data Transfer Out - Free","0.000132","0"
"Azure for Students","{8744A7C5-D753-47DD-A39F-64959D577DB3}","10/18/2020","{32C3EBEC-1646-49E3-8127-2CAFBD3A04D8}","Bandwidth","All","All","Data Transfer In","0.000814","0"
"Azure for Students","{8744A7C5-D753-47DD-A39F-64959D577DB3}","10/18/2020","{4082FA20-19D0-4388-B91E-A8150BC6AD4D}","Storage","Bandwidth","US East","Geo-Replication Data transfer","0.001577","0"
"Azure for Students","{8744A7C5-D753-47DD-A39F-64959D577DB3}","10/18/2020","{6357FB28-1FC6-4000-B185-83B0DFBE9045}","Azure App Service","Standard Plan - Linux","US South Central","S1","24","1.92"
"Azure for Students","{8744A7C5-D753-47DD-A39F-64959D577DB3}","10/18/2020","{6C76DAF0-AEB1-4238-B8B4-18820C91EEEF}","Storage","Tables","All","RA-GRS Data Stored","0.000212","0.0000159"
"Azure for Students","{8744A7C5-D753-47DD-A39F-64959D577DB3}","10/18/2020","{7B5C8556-24E2-42BC-8F46-DA45AC53AEE4}","Storage","Tiered Block Blob","US East","Hot GRS Write Operations","0.004","0.0004"
"Azure for Students","{8744A7C5-D753-47DD-A39F-64959D577DB3}","10/18/2020","{984C39D8-2499-4233-8A97-FB002A809F8F}","Container Registry","All","All","Standard Registry Unit","1.000008","0.6666053328"
"Azure for Students","{8744A7C5-D753-47DD-A39F-64959D577DB3}","10/18/2020","{A4D4F647-F54E-400B-A11A-DCF256AFA091}","Storage","Bandwidth","US East","Geo-Replication v2 Data transfer","2.2E-05","0.00000044"
"Azure for Students","{8744A7C5-D753-47DD-A39F-64959D577DB3}","10/18/2020","{A90AEC9F-EECB-42C7-8421-9B96716996DC}","Azure App Service","Free Plan - Linux","All","F1","0.032256","0"
"Azure for Students","{8744A7C5-D753-47DD-A39F-64959D577DB3}","10/18/2020","{BB20DFDA-6D18-4BB1-B7FC-86A05D9CFB8D}","Storage","Tables","All","GRS Batch Write Operations","0.029","0.00001044"
"Azure for Students","{8744A7C5-D753-47DD-A39F-64959D577DB3}","10/19/2020","{0FC067A1-65D2-46DA-B24B-7A9CBE2C69BD}","Bandwidth","All","All","Data Transfer Out - Free","0.000138","0"
"Azure for Students","{8744A7C5-D753-47DD-A39F-64959D577DB3}","10/19/2020","{32C3EBEC-1646-49E3-8127-2CAFBD3A04D8}","Bandwidth","All","All","Data Transfer In","0.000827","0"
"Azure for Students","{8744A7C5-D753-47DD-A39F-64959D577DB3}","10/19/2020","{4082FA20-19D0-4388-B91E-A8150BC6AD4D}","Storage","Bandwidth","US East","Geo-Replication Data transfer","0.001573","0"
"Azure for Students","{8744A7C5-D753-47DD-A39F-64959D577DB3}","10/19/2020","{6357FB28-1FC6-4000-B185-83B0DFBE9045}","Azure App Service","Standard Plan - Linux","US South Central","S1","24","1.92"
"Azure for Students","{8744A7C5-D753-47DD-A39F-64959D577DB3}","10/19/2020","{6C76DAF0-AEB1-4238-B8B4-18820C91EEEF}","Storage","Tables","All","RA-GRS Data Stored","0.000216","0.0000162"
"Azure for Students","{8744A7C5-D753-47DD-A39F-64959D577DB3}","10/19/2020","{7B5C8556-24E2-42BC-8F46-DA45AC53AEE4}","Storage","Tiered Block Blob","US East","Hot GRS Write Operations","0.0062","0.00062"
"Azure for Students","{8744A7C5-D753-47DD-A39F-64959D577DB3}","10/19/2020","{984C39D8-2499-4233-8A97-FB002A809F8F}","Container Registry","All","All","Standard Registry Unit","1.000008","0.6666053328"
"Azure for Students","{8744A7C5-D753-47DD-A39F-64959D577DB3}","10/19/2020","{A4D4F647-F54E-400B-A11A-DCF256AFA091}","Storage","Bandwidth","US East","Geo-Replication v2 Data transfer","3.5E-05","0.0000007"
"Azure for Students","{8744A7C5-D753-47DD-A39F-64959D577DB3}","10/19/2020","{A90AEC9F-EECB-42C7-8421-9B96716996DC}","Azure App Service","Free Plan - Linux","All","F1","0.032256","0"
"Azure for Students","{8744A7C5-D753-47DD-A39F-64959D577DB3}","10/19/2020","{BB20DFDA-6D18-4BB1-B7FC-86A05D9CFB8D}","Storage","Tables","All","GRS Batch Write Operations","0.029","0.00001044"
"Azure for Students","{8744A7C5-D753-47DD-A39F-64959D577DB3}","10/20/2020","{0B248445-AA24-4FE8-A794-A174929327BD}","Storage","Tiered Block Blob","US East","All Other Operations","0.0001","0.0000004"
"Azure for Students","{8744A7C5-D753-47DD-A39F-64959D577DB3}","10/20/2020","{0FC067A1-65D2-46DA-B24B-7A9CBE2C69BD}","Bandwidth","All","All","Data Transfer Out - Free","0.000157","0"
"Azure for Students","{8744A7C5-D753-47DD-A39F-64959D577DB3}","10/20/2020","{32C3EBEC-1646-49E3-8127-2CAFBD3A04D8}","Bandwidth","All","All","Data Transfer In","0.000864","0"
"Azure for Students","{8744A7C5-D753-47DD-A39F-64959D577DB3}","10/20/2020","{4082FA20-19D0-4388-B91E-A8150BC6AD4D}","Storage","Bandwidth","US East","Geo-Replication Data transfer","0.00161","0"
"Azure for Students","{8744A7C5-D753-47DD-A39F-64959D577DB3}","10/20/2020","{6357FB28-1FC6-4000-B185-83B0DFBE9045}","Azure App Service","Standard Plan - Linux","US South Central","S1","24","1.92"
"Azure for Students","{8744A7C5-D753-47DD-A39F-64959D577DB3}","10/20/2020","{6C76DAF0-AEB1-4238-B8B4-18820C91EEEF}","Storage","Tables","All","RA-GRS Data Stored","0.000216","0.0000162"
"Azure for Students","{8744A7C5-D753-47DD-A39F-64959D577DB3}","10/20/2020","{7B5C8556-24E2-42BC-8F46-DA45AC53AEE4}","Storage","Tiered Block Blob","US East","Hot GRS Write Operations","0.0128","0.00128"
"Azure for Students","{8744A7C5-D753-47DD-A39F-64959D577DB3}","10/20/2020","{984C39D8-2499-4233-8A97-FB002A809F8F}","Container Registry","All","All","Standard Registry Unit","1.000008","0.6666053328"
"Azure for Students","{8744A7C5-D753-47DD-A39F-64959D577DB3}","10/20/2020","{A4D4F647-F54E-400B-A11A-DCF256AFA091}","Storage","Bandwidth","US East","Geo-Replication v2 Data transfer","7.2E-05","0.00000144"
"Azure for Students","{8744A7C5-D753-47DD-A39F-64959D577DB3}","10/20/2020","{A90AEC9F-EECB-42C7-8421-9B96716996DC}","Azure App Service","Free Plan - Linux","All","F1","0.032256","0"
"Azure for Students","{8744A7C5-D753-47DD-A39F-64959D577DB3}","10/20/2020","{BB20DFDA-6D18-4BB1-B7FC-86A05D9CFB8D}","Storage","Tables","All","GRS Batch Write Operations","0.0296","0.000010656"
"Azure for Students","{8744A7C5-D753-47DD-A39F-64959D577DB3}","10/21/2020","{0B248445-AA24-4FE8-A794-A174929327BD}","Storage","Tiered Block Blob","US East","All Other Operations","0.0001","0.0000004"
"Azure for Students","{8744A7C5-D753-47DD-A39F-64959D577DB3}","10/21/2020","{0FC067A1-65D2-46DA-B24B-7A9CBE2C69BD}","Bandwidth","All","All","Data Transfer Out - Free","0.000192","0"
"Azure for Students","{8744A7C5-D753-47DD-A39F-64959D577DB3}","10/21/2020","{32C3EBEC-1646-49E3-8127-2CAFBD3A04D8}","Bandwidth","All","All","Data Transfer In","0.000887","0"
"Azure for Students","{8744A7C5-D753-47DD-A39F-64959D577DB3}","10/21/2020","{4082FA20-19D0-4388-B91E-A8150BC6AD4D}","Storage","Bandwidth","US East","Geo-Replication Data transfer","0.001537","0"
"Azure for Students","{8744A7C5-D753-47DD-A39F-64959D577DB3}","10/21/2020","{6357FB28-1FC6-4000-B185-83B0DFBE9045}","Azure App Service","Standard Plan - Linux","US South Central","S1","21","1.68"
"Azure for Students","{8744A7C5-D753-47DD-A39F-64959D577DB3}","10/21/2020","{6C76DAF0-AEB1-4238-B8B4-18820C91EEEF}","Storage","Tables","All","RA-GRS Data Stored","0.000198","0.00001485"
"Azure for Students","{8744A7C5-D753-47DD-A39F-64959D577DB3}","10/21/2020","{7B5C8556-24E2-42BC-8F46-DA45AC53AEE4}","Storage","Tiered Block Blob","US East","Hot GRS Write Operations","0.0297","0.00297"
"Azure for Students","{8744A7C5-D753-47DD-A39F-64959D577DB3}","10/21/2020","{984C39D8-2499-4233-8A97-FB002A809F8F}","Container Registry","All","All","Standard Registry Unit","0.916674","0.6110548884"
"Azure for Students","{8744A7C5-D753-47DD-A39F-64959D577DB3}","10/21/2020","{A4D4F647-F54E-400B-A11A-DCF256AFA091}","Storage","Bandwidth","US East","Geo-Replication v2 Data transfer","0.000161","0.00000322"
"Azure for Students","{8744A7C5-D753-47DD-A39F-64959D577DB3}","10/21/2020","{A90AEC9F-EECB-42C7-8421-9B96716996DC}","Azure App Service","Free Plan - Linux","All","F1","0.028224","0"
"Azure for Students","{8744A7C5-D753-47DD-A39F-64959D577DB3}","10/21/2020","{BB20DFDA-6D18-4BB1-B7FC-86A05D9CFB8D}","Storage","Tables","All","GRS Batch Write Operations","0.0278","0.000010008"
"Azure for Students","{8744A7C5-D753-47DD-A39F-64959D577DB3}","10/22/2020","{0B248445-AA24-4FE8-A794-A174929327BD}","Storage","Tiered Block Blob","US East","All Other Operations","0.0002","0.0000008"
"Azure for Students","{8744A7C5-D753-47DD-A39F-64959D577DB3}","10/22/2020","{0FC067A1-65D2-46DA-B24B-7A9CBE2C69BD}","Bandwidth","All","All","Data Transfer Out - Free","0.000137","0"
"Azure for Students","{8744A7C5-D753-47DD-A39F-64959D577DB3}","10/22/2020","{32C3EBEC-1646-49E3-8127-2CAFBD3A04D8}","Bandwidth","All","All","Data Transfer In","0.000707","0"
"Azure for Students","{8744A7C5-D753-47DD-A39F-64959D577DB3}","10/22/2020","{4082FA20-19D0-4388-B91E-A8150BC6AD4D}","Storage","Bandwidth","US East","Geo-Replication Data transfer","0.001392","0"
"Azure for Students","{8744A7C5-D753-47DD-A39F-64959D577DB3}","10/22/2020","{6357FB28-1FC6-4000-B185-83B0DFBE9045}","Azure App Service","Standard Plan - Linux","US South Central","S1","20","1.6"
"Azure for Students","{8744A7C5-D753-47DD-A39F-64959D577DB3}","10/22/2020","{6C76DAF0-AEB1-4238-B8B4-18820C91EEEF}","Storage","Tables","All","RA-GRS Data Stored","0.000189","0.000014175"
"Azure for Students","{8744A7C5-D753-47DD-A39F-64959D577DB3}","10/22/2020","{7B5C8556-24E2-42BC-8F46-DA45AC53AEE4}","Storage","Tiered Block Blob","US East","Hot GRS Write Operations","0.0019","0.00019"
"Azure for Students","{8744A7C5-D753-47DD-A39F-64959D577DB3}","10/22/2020","{984C39D8-2499-4233-8A97-FB002A809F8F}","Container Registry","All","All","Standard Registry Unit","0.83334","0.555504444"
"Azure for Students","{8744A7C5-D753-47DD-A39F-64959D577DB3}","10/22/2020","{A4D4F647-F54E-400B-A11A-DCF256AFA091}","Storage","Bandwidth","US East","Geo-Replication v2 Data transfer","9E-06","0.00000018"
"Azure for Students","{8744A7C5-D753-47DD-A39F-64959D577DB3}","10/22/2020","{A90AEC9F-EECB-42C7-8421-9B96716996DC}","Azure App Service","Free Plan - Linux","All","F1","0.02688","0"
"Azure for Students","{8744A7C5-D753-47DD-A39F-64959D577DB3}","10/22/2020","{BB20DFDA-6D18-4BB1-B7FC-86A05D9CFB8D}","Storage","Tables","All","GRS Batch Write Operations","0.0254","0.000009144"
"Azure for Students","{8744A7C5-D753-47DD-A39F-64959D577DB3}","10/22/2020","{FD7CFA1E-026E-4BE1-871B-1C2386E8902E}","Storage","Tiered Block Blob","All","Hot Read Operations - Free","0.0001","0"
